pops,distance,countsum,orte,norm,
8283.069336,3016.642092,100,"Homs, Syrien",0.012072819,
81850000,7805.169554,145,"Sichuan, China",0.000001772,
17865.15039,319.8035361,148,"Cuxhaven, Niedersachsen",0.008284285,
22111.16992,393.1107774,457,"Hindenburg, Sachsen-Anhalt",0.020668287,
23145.59961,381.7628776,142,"Stendal, Sachsen-Anhalt",0.006135075,
23180.85938,1122.321377,103,"Split, Kroatien",0.004443321,
23733.46094,2497.756745,182,"Kirsehir, Türkei",0.007668498,
29227.99023,114.7465557,119,"Prüm , Rheinland-Pfalz",0.00407144,
31502.85938,3312.590478,113,"Mosul, Irak",0.003586976,
32824.62109,111.3353755,116,"Gerolstein , Rheinland-Pfalz",0.003533933,
33400.89063,485.4218934,206,"Schwerin, Brandenburg",0.0061675,
34643.35156,2589.739064,170,"Avanos, Türkei",0.004907146,
34711.14844,324.8810839,108,"Uelzen, Niedersachsen",0.003111392,
37394.53125,2562.262705,263,"Aksaray, Türkei",0.007033114,
37911.82813,2630.279481,106,"Kayseri, Türkei",0.002795961,
39339.83984,413.7047252,174,"Wittenberg, Sachsen-Anhalt",0.004422997,
42784.07031,226.4935276,110,"Husum, Niedersachsen",0.00257105,
42804.69922,413.9229371,122,"Schleswig , Schleswig-Holstein",0.002850154,
42983.83984,3090.919423,573,"Damaskus, Syrien",0.013330591,
43867.46094,1814.782222,215,"Komotini, Griechenland",0.004901127,
46616.83984,1196.753974,246,"Sarajevo, Bosnien und Herzegowina",0.005277063,
47687.53125,1737.919775,155,"Drama, Griechenland",0.003250326,
47752.26953,511.2312723,101,"Eberswalde, Brandenburg",0.002115083,
47940.69922,2925.462266,503,"Aleppo, Syrien",0.010492129,
49433.82031,162.9030352,466,"Haselünne, Niedersachsen<br>Lingen (Ems), Niedersachsen<br>Meppen, Niedersachsen",0.009426745,
49819.44141,1157.536956,160,"Tuzla, Bosnien und Herzegowina",0.003211598,
50845.19922,814.2599648,220,"Groß Strehlitz, Polen",0.004326859,
51057.14063,1142.27792,106,"Zenica, Bosnien und Herzegowina",0.002076105,
51079.53906,1942.812443,792,"Nador, Marokko",0.01550523,
51147.87109,393.646554,308,"Monheim (Bayern), Bayern",0.006021756,
51484.14844,200.5258988,137,"Cloppenburg, Niedersachsen",0.002661013,
52154.35938,137.1739635,118,"Wittlich , Rheinland-Pfalz",0.002262515,
52540.78906,394.3730955,129,"Rendsburg , Schleswig-Holstein",0.002455235,
54116.53125,1199.485271,125,"Sabac, Serbien",0.00230983,
54311.30859,513.3949516,117,"Neubrandenburg, Mecklenburg-Vorpommern",0.002154247,
55793.98047,1241.326102,1084,"Belgrad, Serbien",0.019428619,
55931.89063,2170.411793,178,"Kenitra, Marokko",0.003182442,
57017.16016,288.2390159,102,"Wernigerode, Sachsen-Anhalt",0.001788935,
57157.67969,1782.566298,103,"Xanthi, Griechenland",0.001802033,
58009.07031,198.1651677,143,"Vechta, Niedersachsen",0.002465132,
58293.39063,208.9120841,119,"Bad Hersfeld, Hessen",0.002041398,
58982.64844,304.6609965,120,"Halberstadt, Sachsen-Anhalt",0.002034497,
59240.96094,1971.958966,329,"Ben Taieb, Marokko<br>Beni Oulichek, Marokko",0.00555359,
59461.98047,287.8401001,227,"Stolberg, Sachsen-Anhalt<br>Nordhausen , Thüringen",0.003817565,
61548.14063,220.4270736,292,"Leer (Ostfriesland), Niedersachsen<br>Papenburg, Niedersachsen",0.004744254,
63809.41016,128.2899477,443,"Rheine , Nordrhein-Westfalen",0.00694255,
64033.33984,550.7534804,180,"Frankfurt an der Oder, Brandenburg",0.002811036,
64448.35938,1986.60608,157,"Midar, Marokko",0.002436059,
65325.94141,415.5385722,105,"Eutin , Schleswig-Holstein",0.001607325,
65358.19141,520.9201467,105,"Hoyerswerda, Sachsen",0.001606532,
65402.78125,166.8767605,144,"Warburg, Nordrhein-Westfalen",0.002201741,
65899.5,322.1448465,138,"Stade Hanse, Niedersachsen",0.002094098,
66312.40625,416.4389623,208,"Brandenburg an der Havel, Brandenburg",0.003136668,
66589.5,275.6613111,297,"Celle, Niedersachsen",0.004460163,
67245.09375,216.8774269,220,"Fulda, Hessen",0.003271614,
68190.77344,973.7085833,615,"Allenstein, Polen",0.009018815,
68414.99219,126.335222,249,"Brilon , Nordrhein-Westfalen",0.003639553,
68889.27344,1973.211637,117,"Temsamane, Marokko",0.001698378,
69073.84375,312.7231691,115,"Helmstedt, Niedersachsen",0.001664885,
69095.50781,1709.239586,274,"Serres, Griechenland",0.003965526,
69901.70313,549.713313,144,"Greifswald, Mecklenburg-Vorpommern",0.002060036,
70213.07031,1954.425445,173,"Beni Sidel, Marokko",0.002463929,
70723.10938,1095.4087,222,"Elk, Polen",0.003139002,
72711.59375,193.7386149,501,"Bad Pyrmont, Niedersachsen<br>Holzminden, Niedersachsen<br>Höxter , Nordrhein-Westfalen",0.006890235,
74344.75781,534.731525,104,"Bautzen, Sachsen",0.001398888,
74602.11719,547.609523,134,"Stralsund, Mecklenburg-Vorpommern",0.001796196,
75239.20313,276.7452619,123,"Gotha , Thüringen",0.001634786,
75322.95313,138.2192108,383,"Nordhorn, Niedersachsen",0.005084771,
75878.21875,264.9443379,150,"Goslar, Niedersachsen",0.001976852,
76097.60938,241.4619281,119,"Emden, Niedersachsen",0.001563781,
76617.10938,255.0525756,131,"Aurich, Niedersachsen",0.001709801,
79715.70313,91.8597679,533,"Arnsberg, Nordrhein-Westfalen",0.006686261,
80666.04688,461.8626576,114,"Freiberg, Sachsen",0.001413234,
80729.8125,350.5144174,111,"Bernburg, Sachsen-Anhalt",0.001374957,
80920.22656,312.1408436,125,"Coburg, Bayern",0.001544731,
81917.77344,226.4988732,763,"Göttingen, Niedersachsen<br>Northeim, Niedersachsen",0.009314218,
82640.46094,4068.017943,136,"Ahvaz, Iran",0.001645683,
84600.3125,108.837712,390,"Meschede, Nordrhein-Westfalen<br>Warstein , Nordrhein-Westfalen",0.004609912,
84858.88281,2635.524438,160,"Ordu, Türkei",0.001885483,
86503.40625,818.1577987,324,"Ratibor, Polen",0.003745517,
87002.89063,385.5236366,267,"Dessau, Sachsen-Anhalt",0.003068864,
88186.65625,147.6803262,407,"Marburg, Hessen",0.004615211,
88899.40625,1731.285365,102,"Stara Sagora, Bulgarien",0.001147364,
89893.28125,1226.101115,163,"Timisoara, Rumänien",0.001813261,
90522.13281,361.9587931,104,"Itzehoe , Schleswig-Holstein",0.00114889,
90543.63281,9189.00499,131,"Kyoto, Japan",0.001446816,
90709.47656,299.1891194,511,"Erfurt , Thüringen",0.00563337,
90780.27344,146.4680147,162,"Weimar an der Lahn, Hessen",0.001784529,
91143.24219,2370.608761,293,"Ankara, Türkei",0.00321472,
92660.49219,101.6720733,175,"Lenne , Nordrhein-Westfalen",0.001888615,
93824.67969,162.412597,661,"Trier , Rheinland-Pfalz",0.007045055,
95225.57031,272.6511461,326,"Wilhelmshaven, Niedersachsen",0.00342345,
95451.09375,1457.56368,191,"Prizren, Kosovo",0.002001025,
95864.42188,904.9132434,386,"Zagreb, Kroatien",0.00402652,
97084.67188,134.8146174,236,"Ibbenbüren , Nordrhein-Westfalen",0.002430868,
97360.22656,191.3504326,384,"Minden , Nordrhein-Westfalen",0.003944116,
97612.96875,4650.765031,158,"Pawlodar, Kasachstan",0.001618637,
97625.15625,372.8539348,131,"Villingen-Schwenningen, Baden-Württemberg",0.001341867,
97872.78125,3142.638271,134,"Hasaka, Syrien",0.001369124,
98251.89063,203.4287226,217,"Hameln, Niedersachsen",0.002208609,
98722.70313,338.9569405,123,"Rheinhausen, Baden-Württemberg",0.001245914,
98734.88281,78.15946313,267,"Dülmen , Nordrhein-Westfalen<br>Lüdinghausen , Nordrhein-Westfalen",0.002704211,
99180.52344,103.1677354,129,"Mayen , Rheinland-Pfalz",0.001300659,
102177.2969,267.7594474,280,"Bad Kissingen, Bayern<br>Schweinfurt, Bayern",0.002740335,
103320.2031,148.2389978,888,"Paderborn , Nordrhein-Westfalen",0.00859464,
103947.7969,336.0963209,188,"Lüneburg, Niedersachsen",0.0018086,
104920.5,116.2609823,224,"Warendorf , Nordrhein-Westfalen",0.00213495,
105463.2969,1685.751964,100,"Ioannina, Griechenland",0.000948197,
106246.2031,384.6742312,180,"Neumünster , Schleswig-Holstein",0.001694178,
108832.5,430.2429327,120,"Konstanz, Baden-Württemberg",0.001102612,
108849.6016,100.9732666,388,"Soest , Nordrhein-Westfalen",0.003564551,
108966.5,387.7953638,110,"Plauen, Sachsen",0.001009485,
109186.6016,368.2049293,102,"Bayreuth, Bayern",0.000934181,
110965,437.6657017,271,"Flensburg , Schleswig-Holstein",0.002442212,
111480.5,91.74086621,1094,"Siegen , Nordrhein-Westfalen<br>Kirchen (Sieg), Rheinland-Pfalz",0.009813375,
111553.2969,133.2806744,231,"Geseke , Nordrhein-Westfalen<br>Salzkotten , Nordrhein-Westfalen",0.002070759,
111737.8984,172.8465332,166,"Bad Kreuznach , Rheinland-Pfalz",0.001485619,
111746.6016,110.9564639,249,"Steinfurt , Nordrhein-Westfalen",0.002228256,
111990,289.2574377,110,"Baden-Baden, Baden-Württemberg",0.000982231,
112730.6016,4453.353091,100,"Meschhed, Iran",0.000887071,
113425.5,469.5561505,105,"Meißen, Sachsen",0.000925718,
113461,1544.815529,133,"Partinico, Italien",0.001172209,
113707.2031,529.3657332,210,"Cottbus, Brandenburg",0.001846849,
114117.7031,4463.237302,168,"Schiras, Iran",0.001472164,
114677.1016,1445.570149,160,"Pristina, Kosovo",0.001395222,
115136.5,1468.388252,129,"Ferizaj, Kosovo",0.001120409,
115154.7031,105.4241174,352,"Ahaus, Nordrhein-Westfalen<br>Gronau (Westfalen), Nordrhein-Westfalen",0.003056757,
117197.7969,397.4341096,113,"Altenburg , Thüringen",0.000964182,
117702.8984,573.7847614,230,"Görlitz, Sachsen",0.001954073,
118941.6016,112.1659169,330,"Beckum , Nordrhein-Westfalen<br>Oelde , Nordrhein-Westfalen",0.002774471,
119082,282.8088825,815,"Braunschweig, Niedersachsen<br>Wolfenbüttel, Niedersachsen",0.006844023,
121781.7969,237.3596822,541,"Gronau (Leine), Niedersachsen<br>Hildesheim, Niedersachsen",0.004442372,
121871.7031,140.0795219,227,"Georgsmarienhütte, Niedersachsen",0.001862614,
123864.1016,140.6486033,104,"Mettingen, Nordrhein-Westfalen",0.00083963,
124021.1016,60.54706977,597,"Goch , Nordrhein-Westfalen<br>Kevelaer , Nordrhein-Westfalen",0.004813697,
124534.3984,365.6651738,103,"Köthen, Sachsen-Anhalt",0.000827081,
126127.5,327.6006982,130,"Bamberg, Bayern",0.001030703,
127324.7969,98.87230391,443,"Andernach , Rheinland-Pfalz<br>Neuwied , Rheinland-Pfalz",0.003479291,
127735.2031,1488.238055,226,"Tetovo, Mazedonien",0.001769285,
128169.2031,176.9037405,121,"Lübbecke , Nordrhein-Westfalen",0.000944065,
128973.2969,151.1175413,361,"Gießen, Hessen",0.002799029,
129901.2031,166.5398613,425,"Detmold , Nordrhein-Westfalen",0.003271717,
132345.9063,308.090056,146,"Wolfsburg, Niedersachsen",0.00110317,
132493.5938,3153.036809,105,"Daraa, Syrien",0.000792491,
132831.5,68.70396613,645,"Bocholt , Nordrhein-Westfalen<br>Rhede , Nordrhein-Westfalen",0.004855776,
133366.2031,83.14288894,275,"Borken , Nordrhein-Westfalen",0.002061992,
136180.7969,78.16064679,465,"Attendorn, Nordrhein-Westfalen<br>Olpe , Nordrhein-Westfalen<br>Plettenberg , Nordrhein-Westfalen",0.003414578,
136506,62.03234969,209,"Euskirchen , Nordrhein-Westfalen",0.001531068,
137656.7969,2134.176811,149,"Izmir, Türkei",0.001082402,
137719.5938,450.397446,166,"Regensburg, Bayern",0.001205348,
138722.7969,1965.753958,264,"Oujda, Marokko",0.001903076,
139060.5,208.9885983,166,"Kaiserslautern , Rheinland-Pfalz",0.001193725,
140443.2969,349.0975437,131,"Reutlingen, Baden-Württemberg",0.000932761,
140512,913.0009685,129,"Elbing, Polen",0.000918071,
140591.2969,998.9353983,470,"Königsberg, Russische Föderation",0.003343023,
142388.5938,339.0131211,286,"Jena , Thüringen",0.002008588,
146274,402.8081702,213,"Zwickau, Sachsen",0.001456171,
155383,1519.246428,420,"Kumanovo, Mazedonien",0.002702998,
156622.0938,47.63388384,701,"Geldern , Nordrhein-Westfalen<br>Issum, Nordrhein-Westfalen<br>Xanten , Nordrhein-Westfalen",0.004475741,
157537.5938,116.7934565,285,"Emsdetten , Nordrhein-Westfalen<br>Greven , Nordrhein-Westfalen",0.001809092,
158629.2969,214.2816863,157,"Aschaffenburg, Bayern",0.000989729,
159861.2031,74.46956409,677,"Hemer , Nordrhein-Westfalen<br>Menden (Sauerland), Nordrhein-Westfalen<br>Werdohl , Nordrhein-Westfalen<br>Wickede Ruhr, Nordrhein-Westfalen",0.004234924,
160222.5938,786.5841711,472,"Oppeln, Polen",0.002945902,
160316.2969,235.3461406,572,"Oldenburg, Niedersachsen",0.003567947,
160625.7031,1514.581237,1310,"Skopje, Mazedonien",0.008155606,
160869.5,274.079854,488,"Würzburg, Bayern",0.003033515,
160909,376.0510292,236,"Gera , Thüringen",0.001466667,
160958.7969,388.6720594,215,"Ulm, Baden-Württemberg",0.001335746,
161054.9063,176.6613961,383,"Bad Oeynhausen, Nordrhein-Westfalen<br>Lemgo , Nordrhein-Westfalen",0.002378071,
162040.5,77.86773211,954,"Emmerich am Rhein , Nordrhein-Westfalen<br>Kleve , Nordrhein-Westfalen",0.005887417,
163235.0938,49.35122322,1233,"Düren , Nordrhein-Westfalen<br>Eschweiler, Nordrhein-Westfalen<br>Jülich , Nordrhein-Westfalen<br>Linnich , Nordrhein-Westfalen<br>lohn , Nordrhein-Westfalen",0.007553523,
164324.9063,83.83789601,320,"Coesfeld , Nordrhein-Westfalen",0.001947362,
164673.7969,286.0804593,320,"Bremerhaven, Bremen",0.001943236,
165054.2969,69.59008813,175,"Waldbröl , Nordrhein-Westfalen",0.001060257,
166777.7969,2203.180142,169,"Rabat, Marokko",0.001013324,
167050.5938,148.660178,670,"Osnabrück, Niedersachsen",0.004010761,
174334.7969,352.1318876,184,"Erlangen, Bayern",0.00105544,
181476.2969,363.428718,720,"Halle (Saale), Sachsen-Anhalt<br>Merseburg, Sachsen-Anhalt",0.00396746,
182181.0938,269.2591264,102,"Peine, Niedersachsen",0.000559882,
184192.2969,8006.619819,134,"Jaffna, Sri Lanka",0.000727501,
185241.7031,8367.071606,202,"Hubei, China",0.001090467,
185806.2031,267.1495812,185,"Salzgitter, Niedersachsen",0.000995661,
187130.7969,57.61537243,808,"Gummersbach , Nordrhein-Westfalen<br>Lüdenscheid , Nordrhein-Westfalen",0.004317836,
191166.4063,365.873534,607,"Freiburg, Baden-Württemberg",0.003175244,
191794.2969,110.8856445,629,"Koblenz , Rheinland-Pfalz",0.003279555,
194068.9063,396.2163661,458,"Lübeck, Schleswig-Holstein",0.002359987,
194786,132.015933,627,"Gütersloh , Nordrhein-Westfalen<br>Rheda-Wiedenbrück , Nordrhein-Westfalen",0.003218917,
204310.5,29.46673532,2113,"Kempen , Nordrhein-Westfalen<br>Nettetal , Nordrhein-Westfalen<br>Tönisvorst , Nordrhein-Westfalen<br>Viersen , Nordrhein-Westfalen",0.010342102,
208129.2031,50.15491097,266,"Heinsberg , Nordrhein-Westfalen",0.001278052,
210008.7969,482.2837847,410,"Rostock, Mecklenburg-Vorpommern",0.001952299,
219953.7031,682.07207,211,"Swidnica, Polen",0.000959293,
220800,1698.229376,149,"Plowdiw, Bulgarien",0.000674819,
221058.5938,188.2441752,732,"Kassel, Hessen",0.003311339,
222613.0938,4900.092724,136,"Asmara, Eritrea",0.000610925,
223496.4063,8997.207858,207,"Zhejiang, China",0.000926189,
225557,1821.946546,127,"Warna, Bulgarien",0.000563051,
228073.7031,1557.11124,145,"Bacau, Rumänien",0.000635759,
229625,162.9730524,559,"Wiesbaden, Hessen",0.002434404,
230401.2031,241.4353101,1551,"Hannover, Niedersachsen",0.006731736,
230773.7969,8033.466716,171,"Liaoning, China",0.000740985,
233324.9063,292.7970386,212,"Pforzheim, Baden-Württemberg",0.000908604,
233544.0938,51.72857542,151,"Engelskirchen, Nordrhein-Westfalen",0.000646559,
236642.9063,221.1222599,472,"Saarbrücken, Saarland",0.001994566,
242397.5,1295.83539,327,"Riga, Lettland",0.001349024,
246457.9063,41.54292782,409,"Hückeswagen, Nordrhein-Westfalen<br>Radevormwald, Nordrhein-Westfalen<br>Wipperfürth, Nordrhein-Westfalen",0.001659513,
247952.2031,487.6428491,1073,"Dresden, Sachsen",0.004327447,
249830.5938,101.5314489,2434,"Münster , Nordrhein-Westfalen",0.009742602,
253893.5,29.70927516,525,"Bergheim , Nordrhein-Westfalen<br>Lipp , Nordrhein-Westfalen",0.002067796,
256847.9063,91.45612593,1139,"Ahlen, Nordrhein-Westfalen<br>Hamm , Nordrhein-Westfalen",0.004434531,
261045.5,350.6658121,717,"Magdeburg, Sachsen-Anhalt",0.002746648,
263018.1875,842.0427629,520,"Gleiwitz, Polen<br>Peiskretscham, Polen",0.00197705,
263767,8238.758702,193,"Shandong, China",0.000731706,
264577.5938,290.2129486,208,"Heilbronn, Baden-Württemberg",0.000786159,
266788,413.1260786,735,"Kiel, Schleswig-Holstein",0.002754996,
271610.5,41.57201051,1415,"Kamp-Lintfort , Nordrhein-Westfalen<br>Rheinberg , Nordrhein-Westfalen<br>Wesel , Nordrhein-Westfalen",0.005209666,
295467.8125,271.3400063,611,"Karlsruhe, Baden-Württemberg",0.002067907,
299572.6875,8601.248784,248,"Jiangsu, China",0.000827846,
302855.0938,797.7638509,341,"Bromberg, Polen",0.001125951,
307112.8125,239.9957872,151,"Delmenhorst, Niedersachsen",0.000491676,
309040.3125,8624.130429,125,"Hunan, China",0.000404478,
317493.4063,4547.270675,341,"Karaganda, Kasachstan",0.001074038,
319120.9063,434.1667047,540,"Chemnitz, Sachsen",0.001692149,
319362.8125,4771.651347,121,"Herat, Afghanistan",0.000378879,
319923.8125,161.0669318,1919,"Bielefeld , Nordrhein-Westfalen<br>Bünde , Nordrhein-Westfalen<br>Herford, Nordrhein-Westfalen",0.005998303,
322421.0938,3499.192882,218,"Baku, Aserbaidschan",0.000676134,
322909.8125,839.8671009,105,"Rybnik, Polen",0.000325168,
323184.9063,4970.395138,105,"Benin City, Nigeria",0.000324891,
324251.1875,2075.611055,351,"Charkow, Ukraine",0.001082494,
330232.9063,436.5638867,252,"Augsburg, Bayern",0.000763098,
335288.5,4168.137179,121,"Isfahan, Iran",0.000360883,
336322.8125,717.6946209,1370,"Breslau, Polen",0.004073467,
340333.5938,201.2763454,332,"Darmstadt, Hessen",0.000975513,
341581.1875,584.2302131,502,"Stettin, Polen",0.001469636,
344088.0938,9382.995847,168,"Chiba, Japan",0.000488247,
353778.5938,2131.124347,126,"Fes, Marokko",0.000356155,
361423.0938,945.1334318,127,"Krakau, Polen",0.000351389,
363468.1875,1808.638006,129,"Constanta, Rumänien",0.000354914,
369211.8125,209.2120155,116,"Worms , Rheinland-Pfalz",0.000314183,
372897.1875,249.0572251,1278,"Bremen, Bremen",0.003427218,
372928.9063,63.1966826,707,"Iserlohn , Nordrhein-Westfalen<br>Schwerte , Nordrhein-Westfalen",0.001895804,
375174.1875,2136.957436,147,"Simferopol, Ukraine",0.000391818,
382048.0938,232.2280281,812,"Mannheim, Baden-Württemberg<br>Ludwigshafen am Rhein , Rheinland-Pfalz<br>Speyer , Rheinland-Pfalz",0.002125387,
382446.1875,190.5588577,441,"Hanau, Hessen<br>Offenbach am Main, Hessen",0.001153103,
382736.1875,68.19473356,2409,"Bonn , Nordrhein-Westfalen<br>Bad Neuenahr-Ahrweiler , Rheinland-Pfalz",0.006294153,
387807.9063,1573.84657,105,"Iasi, Rumänien",0.000270753,
395660.3125,2986.278089,177,"Tripoli, Libanon",0.000447353,
398989.4063,918.244798,121,"Dublin, Irland",0.000303266,
399188.1875,15.02694367,6262,"Grevenbroich , Nordrhein-Westfalen<br>Korschenbroich , Nordrhein-Westfalen<br>Neuss , Nordrhein-Westfalen",0.015686837,
399589.8125,243.0183878,617,"Heidelberg, Baden-Württemberg",0.001544083,
400584.4063,29.57327107,3719,"Erkelenz, Nordrhein-Westfalen<br>Mönchengladbach , Nordrhein-Westfalen",0.009283936,
400687.5938,1666.820944,128,"Chisinau, Moldawien",0.000319451,
403126.6875,882.4969942,210,"Lodz, Polen",0.000520928,
415477.6875,61.6406854,2547,"Aachen, Nordrhein-Westfalen<br>Bardenberg, Nordrhein-Westfalen<br>Geilenkirchen , Nordrhein-Westfalen",0.006130293,
416201.6875,341.2503298,270,"Tübingen, Baden-Württemberg",0.000648724,
421999.3125,870.0305463,641,"Danzig, Polen",0.00151896,
426364.4063,170.3907807,625,"Bad Soden am Taunus, Hessen<br>Mainz , Rheinland-Pfalz",0.001465882,
430845.8125,73.37336537,942,"Kamen , Nordrhein-Westfalen<br>Lünen , Nordrhein-Westfalen<br>Unna , Nordrhein-Westfalen<br>Werne , Nordrhein-Westfalen",0.002186397,
434041.1875,1990.938833,313,"Beni Touzine, Marokko<br>Tanger, Marokko",0.00072113,
442314.3125,8192.308443,112,"Henan, China",0.000253214,
478822.4063,1575.362577,362,"Sofia, Bulgarien",0.000756021,
483413.8125,41.96214139,2055,"Bottrop , Nordrhein-Westfalen<br>Dinslaken , Nordrhein-Westfalen<br>Dorsten , Nordrhein-Westfalen<br>Gladbeck , Nordrhein-Westfalen",0.004251016,
483787.1875,451.4151898,303,"Potsdam, Brandenburg",0.000626308,
503757.4063,869.3159261,807,"Kattowitz, Polen<br>Laurahütte, Polen",0.001601962,
518286.0938,2040.903116,387,"Dnepropetrowsk, Ukraine",0.000746692,
520526.9063,4308.610573,241,"Omsk, Russische Föderation",0.000462992,
524630.125,362.6240195,505,"Nürnberg, Bayern",0.000962583,
538346.875,391.5917323,1243,"Leipzig, Sachsen",0.00230892,
540958.1875,58.12953542,2966,"Castrop-Rauxel , Nordrhein-Westfalen<br>Datteln , Nordrhein-Westfalen<br>Dortmund , Nordrhein-Westfalen",0.005482864,
542150.625,706.4006417,157,"Posen, Polen",0.000289587,
556487.125,5176.571027,176,"Almaty, Kasachstan",0.00031627,
574158.375,47.68248446,1763,"Bergisch Gladbach , Nordrhein-Westfalen<br>Siegburg , Nordrhein-Westfalen<br>Troisdorf , Nordrhein-Westfalen",0.003070581,
588697.875,9200.272175,171,"Hyogo, Japan",0.000290472,
593501.8125,37.29461175,5351,"Brühl , Nordrhein-Westfalen<br>Frechen , Nordrhein-Westfalen<br>Köln , Nordrhein-Westfalen",0.009015979,
603442.875,339.8463742,2775,"Hamburg, Hamburg",0.004598613,
611774.375,45.09379956,2876,"Gevelsberg , Nordrhein-Westfalen<br>Hagen, Nordrhein-Westfalen<br>Herdecke , Nordrhein-Westfalen<br>Schwelm , Nordrhein-Westfalen<br>Witten , Nordrhein-Westfalen",0.00470108,
632586.625,1753.695223,870,"Leningrad, Russische Föderation<br>St. Petersburg, Russische Föderation",0.001375306,
640111.125,316.2866818,1210,"Ludwigsburg, Baden-Württemberg<br>Stuttgart, Baden-Württemberg",0.001890297,
642173.625,445.9674427,100,"Zürich, Schweiz",0.000155721,
653109.625,17.67745719,5206,"Krefeld , Nordrhein-Westfalen<br>Meerbusch , Nordrhein-Westfalen<br>Moers , Nordrhein-Westfalen<br>Willich , Nordrhein-Westfalen",0.007971097,
657400.1875,556.0095022,173,"Prag, Tschechische Republik",0.000263158,
659605.5,25.93788129,4729,"Haan , Nordrhein-Westfalen<br>Remscheid , Nordrhein-Westfalen<br>Solingen , Nordrhein-Westfalen<br>Wermelskirchen , Nordrhein-Westfalen",0.007169437,
666498.375,1984.187997,440,"Athen, Griechenland",0.000660167,
726557.375,52.34313734,4514,"Gelsenkirchen , Nordrhein-Westfalen<br>Haltern am See , Nordrhein-Westfalen<br>Herne , Nordrhein-Westfalen<br>Herten , Nordrhein-Westfalen<br>Marl , Nordrhein-Westfalen<br>Recklinghausen , Nordrhein-Westfalen",0.006212861,
729197.125,988.1448101,259,"Warschau, Polen",0.000355185,
748976.1875,9301.531908,212,"Aichi, Japan",0.000283053,
774266.875,176.1445377,1733,"Bad Homburg von der Höhe, Hessen<br>Frankfurt am Main, Hessen",0.002238246,
792944.1875,1623.064955,265,"Tunis, Tunesien",0.000334198,
793453.375,1543.4853,220,"Palermo, Italien",0.000277269,
814085.1875,15.16153066,11618,"Dormagen , Nordrhein-Westfalen<br>Erkrath, Nordrhein-Westfalen<br>Hilden , Nordrhein-Westfalen<br>Langenfeld (Rheinland), Nordrhein-Westfalen<br>Leverkusen , Nordrhein-Westfalen<br>Mettmann , Nordrhein-Westfalen",0.014271234,
816480.1875,3063.636778,241,"Tiflis, Georgien",0.000295169,
817974.125,1824.797898,381,"Odessa, Ukraine",0.000465785,
823794.5,3582.066781,145,"Tscheljabinsk, Russische Föderation",0.000176015,
827431.875,3623.60071,352,"Bagdad, Irak",0.000425413,
834354.375,857.6138026,1300,"Beuthen, Polen<br>Hindenburg, Polen<br>Königshütte, Polen<br>Tranowitz, Polen",0.001558091,
844010.625,1709.936676,547,"Thessaloniki, Griechenland",0.000648096,
856062.125,985.1057171,325,"Budapest, Ungarn",0.000379645,
918060.1875,8874.322697,379,"Shanghai, China",0.000412827,
947604.125,30.20734641,13333,"Bochum , Nordrhein-Westfalen<br>Essen , Nordrhein-Westfalen<br>Hattingen , Nordrhein-Westfalen<br>Velbert , Nordrhein-Westfalen<br>Wülfrath , Nordrhein-Westfalen<br>Wuppertal , Nordrhein-Westfalen",0.014070222,
954367.1875,180.943119,148,"Amsterdam, Niederlande",0.000155077,
964186.625,1863.420233,115,"Lissabon, Portugal",0.000119272,
973502.625,3009.602849,190,"Beirut, Libanon",0.000195172,
986525.875,768.1529877,433,"Wien, Österreich",0.000438914,
997041.8125,489.411443,1673,"München, Bayern",0.001677964,
1000685,21.79582985,15233,"Duisburg , Nordrhein-Westfalen<br>Mülheim an der Ruhr , Nordrhein-Westfalen<br>Oberhausen , Nordrhein-Westfalen<br>Ratingen , Nordrhein-Westfalen",0.015222573,
1012079,1122.673194,173,"Rom, Italien",0.000170935,
1023310,2280.355471,295,"Casablanca, Marokko",0.00028828,
1044813,476.9283607,5692,"Berlin, Berlin",0.005447865,
1137163,2040.98987,557,"Istanbul, Türkei",0.000489815,
1155855,1667.901864,608,"Kiew, Ukraine",0.000526018,
1192425,4990.038901,447,"Kumasi, Ghana",0.000374866,
1216081,5242.666616,586,"Kabul, Afghanistan",0.000481876,
1238455,173.2481822,103,"Brüssel, Belgien",8.31681E-05,
1256160,664.9214892,104,"Mailand, Italien",8.2792E-05,
1314680,1431.524344,183,"Minsk, Weißrussland",0.000139197,
1323933,9001.261547,124,"Bogota, Kolumbien",9.36603E-05,
1454462,4790.899181,236,"Taschkent, Usbekistan",0.000162259,
1469326,9120.067377,124,"Fukuoka, Japan",8.43924E-05,
1511459,5093.665542,621,"Accra, Ghana",0.000410861,
1512368,1287.530586,264,"Neapel, Italien",0.000174561,
1573739,7961.685238,103,"Caracas, Venezuela",6.54492E-05,
1712438,9540.317328,105,"Rio de Janeiro, Brasilien",6.13161E-05,
1809008,9110.308755,178,"Guangdong, China",9.83965E-05,
1873134,1446.302089,437,"Madrid, Spanien",0.000233299,
1925137,9356.459497,267,"Kanagawa, Japan",0.000138691,
1974383,1624.670498,709,"Bukarest, Rumänien",0.0003591,
2023573,7826.221209,125,"Beijing, China",6.17719E-05,
2133650,2089.507811,1240,"Moskau, Russische Föderation",0.000581164,
2228103,3100.780471,180,"Kairo, Ägypten",8.07862E-05,
2241802,481.7261149,351,"London, Vereinigtes Königreich",0.00015657,
2480852,10608.84951,139,"Lima, Peru",5.60291E-05,
2521902,3925.465665,2613,"Teheran, Iran",0.001036123,
2633967,1148.859376,316,"Barcelona, Spanien",0.000119971,
2670501,9434.006502,112,"Taipei, Taiwan",4.19397E-05,
2942794,9082.559129,136,"Bangkok, Thailand",4.62146E-05,
3027792,9344.146412,956,"Tokio, Japan",0.000315742,
3711060,6030.255628,179,"New York, Vereinigte Staaten",4.82342E-05,
3929752,11426.4105,142,"Buenos Aires, Argentinien",3.61346E-05,
3965401,9255.673577,382,"Osaka, Japan",9.63333E-05,
4015866,9319.314063,158,"Saitama, Japan",3.93439E-05,
4043061,9760.731703,142,"Saigon, Vietnam",3.51219E-05,
4133766,8580.280949,744,"Seoul, Korea, Republik",0.000179981,
4150653,6211.581117,167,"Kinshasa, Kongo, Dem.Republik (Zaire)",4.02346E-05,
4536576,4949.590188,127,"Lagos, Nigeria",2.79947E-05,
5062864,411.7978881,503,"Paris, Frankreich",9.93509E-05,
5430857,9237.123214,145,"Hong Kong, China",2.66993E-05,
6300090,9778.844099,111,"Sao Paulo, Brasilien",1.76188E-05,
7655978,9412.087952,169,"Mexiko-Stadt, Mexiko",2.20743E-05,
