Geburtsland,Geburtsort,Geburtsort_Land,Anzahl,Lat_Bing,Long_Bing,Distanz
Baden-Württemberg,Baden-Baden,"Baden-Baden, Baden-Württemberg",110,48.78150177,8.203570366,289.2574377
Baden-Württemberg,Freiburg,"Freiburg, Baden-Württemberg",607,47.99853134,7.849649906,365.873534
Baden-Württemberg,Heidelberg,"Heidelberg, Baden-Württemberg",617,49.4134903,8.708069801,243.0183878
Baden-Württemberg,Heilbronn,"Heilbronn, Baden-Württemberg",208,49.13830185,9.237910271,290.2129486
Baden-Württemberg,Karlsruhe,"Karlsruhe, Baden-Württemberg",611,49.00540161,8.386870384,271.3400063
Baden-Württemberg,Konstanz,"Konstanz, Baden-Württemberg",120,47.67670059,9.182880402,430.2429327
Baden-Württemberg,Ludwigsburg,"Ludwigsburg, Baden-Württemberg",113,48.89319992,9.194270134,310.8170184
Baden-Württemberg,Mannheim,"Mannheim, Baden-Württemberg",464,49.48120117,8.482709885,227.8620814
Baden-Württemberg,Pforzheim,"Pforzheim, Baden-Württemberg",212,48.89350128,8.706979752,292.7970386
Baden-Württemberg,Reutlingen,"Reutlingen, Baden-Württemberg",131,48.49499893,9.202969551,349.0975437
Baden-Württemberg,Rheinhausen,"Rheinhausen, Baden-Württemberg",123,48.22679138,7.710529804,338.9569405
Baden-Württemberg,Stuttgart,"Stuttgart, Baden-Württemberg",1097,48.76766968,9.171919823,321.7563452
Baden-Württemberg,Tübingen,"Tübingen, Baden-Württemberg",270,48.52130127,9.052980423,341.2503298
Baden-Württemberg,Ulm,"Ulm, Baden-Württemberg",215,48.39459991,9.968560219,388.6720594
Baden-Württemberg,Villingen-Schwenningen,"Villingen-Schwenningen, Baden-Württemberg",131,48.06216049,8.538020134,372.8539348
Bayern,Aschaffenburg,"Aschaffenburg, Bayern",157,49.98799896,9.109880447,214.2816863
Bayern,Augsburg,"Augsburg, Bayern",252,48.35509872,10.93309975,436.5638867
Bayern,Bad Kissingen,"Bad Kissingen, Bayern",138,50.19189835,10.06379986,258.6105092
Bayern,Bamberg,"Bamberg, Bayern",130,49.89030075,10.90579987,327.6006982
Bayern,Bayreuth,"Bayreuth, Bayern",102,49.91949844,11.5600996,368.2049293
Bayern,Coburg,"Coburg, Bayern",125,50.26570129,10.93809986,312.1408436
Bayern,Erlangen,"Erlangen, Bayern",184,49.58729935,11.02579975,352.1318876
Bayern,Monheim (Bayern),"Monheim (Bayern), Bayern",308,48.83929825,10.85140038,393.646554
Bayern,München,"München, Bayern",1673,48.10155106,11.57227039,489.411443
Bayern,Nürnberg,"Nürnberg, Bayern",505,49.46519852,11.07600021,362.6240195
Bayern,Regensburg,"Regensburg, Bayern",166,49.02399826,12.07590008,450.397446
Bayern,Schweinfurt,"Schweinfurt, Bayern",142,50.04539871,10.23159981,276.9083855
Bayern,Würzburg,"Würzburg, Bayern",488,49.80350113,9.944020271,274.079854
Berlin,Berlin,"Berlin, Berlin",5692,52.51607132,13.37697983,476.9283607
Brandenburg,Brandenburg an der Havel,"Brandenburg an der Havel, Brandenburg",208,52.41090012,12.50090027,416.4389623
Brandenburg,Cottbus,"Cottbus, Brandenburg",210,51.76089859,14.35079956,529.3657332
Brandenburg,Eberswalde,"Eberswalde, Brandenburg",101,52.832901,13.75199986,511.2312723
Brandenburg,Frankfurt an der Oder,"Frankfurt an der Oder, Brandenburg",180,52.34370041,14.55099964,550.7534804
Brandenburg,Potsdam,"Potsdam, Brandenburg",303,52.38288879,13.04601002,451.4151898
Brandenburg,Schwerin,"Schwerin, Brandenburg",206,52.15819931,13.63269997,485.4218934
Bremen,Bremen,"Bremen, Bremen",1278,53.07509995,8.804690361,249.0572251
Bremen,Bremerhaven,"Bremerhaven, Bremen",320,53.52610016,8.623869896,286.0804593
Hamburg,Hamburg,"Hamburg, Hamburg",2775,53.55334091,9.992469788,339.8463742
Hessen,Bad Hersfeld,"Bad Hersfeld, Hessen",119,50.86500168,9.702589989,208.9120841
Hessen,Bad Homburg von der Höhe,"Bad Homburg von der Höhe, Hessen",112,50.22650146,8.611969948,169.9908995
Hessen,Bad Soden am Taunus,"Bad Soden am Taunus, Hessen",101,50.15670013,8.49489975,169.1455426
Hessen,Darmstadt,"Darmstadt, Hessen",332,49.85340118,8.646519661,201.2763454
Hessen,Frankfurt am Main,"Frankfurt am Main, Hessen",1621,50.11207962,8.683409691,182.2981758
Hessen,Fulda,"Fulda, Hessen",220,50.54769897,9.671759605,216.8774269
Hessen,Gießen,"Gießen, Hessen",361,50.58409882,8.678359985,151.1175413
Hessen,Hanau,"Hanau, Hessen",182,50.13539886,8.917329788,193.1970998
Hessen,Kassel,"Kassel, Hessen",732,51.31610107,9.468520164,188.2441752
Hessen,Marburg,"Marburg, Hessen",407,50.80550003,8.777580261,147.6803262
Hessen,Offenbach am Main,"Offenbach am Main, Hessen",259,50.10329819,8.777469635,187.9206156
Hessen,Weimar an der Lahn,"Weimar an der Lahn, Hessen",162,50.7597084,8.733200073,146.4680147
Hessen,Wiesbaden,"Wiesbaden, Hessen",559,50.08459854,8.242289543,162.9730524
Mecklenburg-Vorpommern,Greifswald,"Greifswald, Mecklenburg-Vorpommern",144,54.08974457,13.39124393,549.713313
Mecklenburg-Vorpommern,Neubrandenburg,"Neubrandenburg, Mecklenburg-Vorpommern",117,53.55918503,13.27782536,513.3949516
Mecklenburg-Vorpommern,Rostock,"Rostock, Mecklenburg-Vorpommern",410,54.0790596,12.13216019,482.2837847
Mecklenburg-Vorpommern,Stralsund,"Stralsund, Mecklenburg-Vorpommern",134,54.30881119,13.09450722,547.609523
Niedersachsen,Aurich,"Aurich, Niedersachsen",131,53.46720123,7.488900185,255.0525756
Niedersachsen,Bad Pyrmont,"Bad Pyrmont, Niedersachsen",104,51.99020004,9.266719818,192.8469639
Niedersachsen,Braunschweig,"Braunschweig, Niedersachsen",685,52.23550034,10.54189968,283.8013836
Niedersachsen,Celle,"Celle, Niedersachsen",297,52.62189865,10.0763998,275.6613111
Niedersachsen,Cloppenburg,"Cloppenburg, Niedersachsen",137,52.8404007,8.043840408,200.5258988
Niedersachsen,Cuxhaven,"Cuxhaven, Niedersachsen",148,53.84429932,8.687970161,319.8035361
Niedersachsen,Delmenhorst,"Delmenhorst, Niedersachsen",151,53.04919815,8.625289917,239.9957872
Niedersachsen,Emden,"Emden, Niedersachsen",119,53.37070084,7.208630085,241.4619281
Niedersachsen,Georgsmarienhütte,"Georgsmarienhütte, Niedersachsen",227,52.1977005,8.045419693,140.0795219
Niedersachsen,Goslar,"Goslar, Niedersachsen",150,51.91469955,10.42930031,264.9443379
Niedersachsen,Göttingen,"Göttingen, Niedersachsen",645,51.55989838,9.931920052,222.9743012
Niedersachsen,Gronau (Leine),"Gronau (Leine), Niedersachsen",140,52.08319855,9.786910057,229.6113939
Niedersachsen,Hameln,"Hameln, Niedersachsen",217,52.1012001,9.348750114,203.4287226
Niedersachsen,Hannover,"Hannover, Niedersachsen",1551,52.37226868,9.738149643,241.4353101
Niedersachsen,Haselünne,"Haselünne, Niedersachsen",105,52.6780014,7.479949951,169.6583528
Niedersachsen,Helmstedt,"Helmstedt, Niedersachsen",115,52.22919846,10.99839973,312.7231691
Niedersachsen,Hildesheim,"Hildesheim, Niedersachsen",401,52.16080093,9.978560448,245.1079705
Niedersachsen,Holzminden,"Holzminden, Niedersachsen",123,51.82720184,9.445819855,197.3714432
Niedersachsen,Husum,"Husum, Niedersachsen",110,52.56420135,9.242050171,226.4935276
Niedersachsen,Leer (Ostfriesland),"Leer (Ostfriesland), Niedersachsen",168,53.23751068,7.461763859,229.6657373
Niedersachsen,Lingen (Ems),"Lingen (Ems), Niedersachsen",221,52.53214264,7.323010921,151.1572289
Niedersachsen,Lüneburg,"Lüneburg, Niedersachsen",188,53.25270081,10.41180038,336.0963209
Niedersachsen,Meppen,"Meppen, Niedersachsen",140,52.69329834,7.277890205,167.893524
Niedersachsen,Nordhorn,"Nordhorn, Niedersachsen",383,52.4457016,7.065020084,138.2192108
Niedersachsen,Northeim,"Northeim, Niedersachsen",118,51.70349884,9.992620468,230.0234452
Niedersachsen,Oldenburg,"Oldenburg, Niedersachsen",572,53.14419937,8.193479538,235.3461406
Niedersachsen,Osnabrück,"Osnabrück, Niedersachsen",670,52.29130173,8.054650307,148.660178
Niedersachsen,Papenburg,"Papenburg, Niedersachsen",124,53.07429886,7.409880161,211.1884099
Niedersachsen,Peine,"Peine, Niedersachsen",102,52.32279968,10.24569988,269.2591264
Niedersachsen,Salzgitter,"Salzgitter, Niedersachsen",185,52.15327835,10.33312035,267.1495812
Niedersachsen,Stade Hanse,"Stade Hanse, Niedersachsen",138,53.59527,9.47672,322.1448465
Niedersachsen,Uelzen,"Uelzen, Niedersachsen",108,52.97449875,10.56260014,324.8810839
Niedersachsen,Vechta,"Vechta, Niedersachsen",143,52.7356987,8.281640053,198.1651677
Niedersachsen,Wilhelmshaven,"Wilhelmshaven, Niedersachsen",326,53.52959824,8.099840164,272.6511461
Niedersachsen,Wolfenbüttel,"Wolfenbüttel, Niedersachsen",130,52.15890121,10.55910015,281.8163813
Niedersachsen,Wolfsburg,"Wolfsburg, Niedersachsen",146,52.42440033,10.79749966,308.090056
Nordrhein-Westfalen,Aachen,"Aachen, Nordrhein-Westfalen",2082,50.77822876,6.088640213,68.50793002
Nordrhein-Westfalen,Ahaus,"Ahaus, Nordrhein-Westfalen",194,52.09030151,7.00797987,98.57030971
Nordrhein-Westfalen,Ahlen,"Ahlen, Nordrhein-Westfalen",232,51.74150085,7.889550209,96.96744125
Nordrhein-Westfalen,Arnsberg,"Arnsberg, Nordrhein-Westfalen",533,51.39440155,8.06210041,91.8597679
Nordrhein-Westfalen,Attendorn,"Attendorn, Nordrhein-Westfalen",158,51.12440109,7.90060997,79.30358956
Nordrhein-Westfalen,Bad Oeynhausen,"Bad Oeynhausen, Nordrhein-Westfalen",188,52.22249985,8.816619873,180.0437099
Nordrhein-Westfalen,Bardenberg,"Bardenberg, Nordrhein-Westfalen",315,50.84019852,6.110660076,62.61859053
Nordrhein-Westfalen,Beckum ,"Beckum , Nordrhein-Westfalen",211,51.76010132,8.04763031,107.0757947
Nordrhein-Westfalen,Bergheim ,"Bergheim , Nordrhein-Westfalen",122,50.94889832,6.648990154,30.96197327
Nordrhein-Westfalen,Bergisch Gladbach ,"Bergisch Gladbach , Nordrhein-Westfalen",1205,50.98949814,7.123159885,34.97398642
Nordrhein-Westfalen,Bielefeld ,"Bielefeld , Nordrhein-Westfalen",1378,52.00189972,8.592909813,153.2395216
Nordrhein-Westfalen,Bocholt ,"Bocholt , Nordrhein-Westfalen",536,51.81980133,6.609749794,68.16038975
Nordrhein-Westfalen,Bochum ,"Bochum , Nordrhein-Westfalen",1856,51.48199844,7.212639809,42.45372062
Nordrhein-Westfalen,Bonn ,"Bonn , Nordrhein-Westfalen",2296,50.73242188,7.101860046,58.39153324
Nordrhein-Westfalen,Borken ,"Borken , Nordrhein-Westfalen",275,51.95780182,6.922500134,83.14288894
Nordrhein-Westfalen,Bottrop ,"Bottrop , Nordrhein-Westfalen",629,51.51819992,6.932169914,35.35436336
Nordrhein-Westfalen,Brilon ,"Brilon , Nordrhein-Westfalen",249,51.38650131,8.566949844,126.335222
Nordrhein-Westfalen,Brühl ,"Brühl , Nordrhein-Westfalen",130,50.83039856,6.90557003,43.78200442
Nordrhein-Westfalen,Bünde ,"Bünde , Nordrhein-Westfalen",145,52.196763,8.582987,165.8319821
Nordrhein-Westfalen,Castrop-Rauxel ,"Castrop-Rauxel , Nordrhein-Westfalen",301,51.54769897,7.316150188,52.69773674
Nordrhein-Westfalen,Coesfeld ,"Coesfeld , Nordrhein-Westfalen",320,51.9294014,7.165850163,83.83789601
Nordrhein-Westfalen,Datteln ,"Datteln , Nordrhein-Westfalen",250,51.6631012,7.34528017,63.57550458
Nordrhein-Westfalen,Detmold ,"Detmold , Nordrhein-Westfalen",425,51.94300079,8.876379967,166.5398613
Nordrhein-Westfalen,Dinslaken ,"Dinslaken , Nordrhein-Westfalen",775,51.56110001,6.765950203,38.41720934
Nordrhein-Westfalen,Dormagen ,"Dormagen , Nordrhein-Westfalen",608,51.1006012,6.854050159,13.90450597
Nordrhein-Westfalen,Dorsten ,"Dorsten , Nordrhein-Westfalen",337,51.6631012,6.963759899,51.43583515
Nordrhein-Westfalen,Dortmund ,"Dortmund , Nordrhein-Westfalen",2415,51.51660919,7.4582901,58.11536494
Nordrhein-Westfalen,Duisburg ,"Duisburg , Nordrhein-Westfalen",8294,51.43143082,6.763929844,24.00818273
Nordrhein-Westfalen,Dülmen ,"Dülmen , Nordrhein-Westfalen",149,51.84180069,7.279009819,77.88119383
Nordrhein-Westfalen,Düren ,"Düren , Nordrhein-Westfalen",585,50.803553,6.480544,50.28817509
Nordrhein-Westfalen,Düsseldorf ,"Düsseldorf , Nordrhein-Westfalen",226079,51.21562958,6.776040077,0
Nordrhein-Westfalen,Emmerich am Rhein ,"Emmerich am Rhein , Nordrhein-Westfalen",396,51.83309937,6.24477005,77.92882522
Nordrhein-Westfalen,Emsdetten ,"Emsdetten , Nordrhein-Westfalen",146,52.17979813,7.521830082,118.9607937
Nordrhein-Westfalen,Engelskirchen,"Engelskirchen, Nordrhein-Westfalen",151,50.98320007,7.415780067,51.72857542
Nordrhein-Westfalen,Erkelenz,"Erkelenz, Nordrhein-Westfalen",354,51.08060074,6.312489986,35.74181984
Nordrhein-Westfalen,Erkrath,"Erkrath, Nordrhein-Westfalen",277,51.2215004,6.897799969,8.532021022
Nordrhein-Westfalen,Eschweiler,"Eschweiler, Nordrhein-Westfalen",192,50.81719971,6.269489765,56.79426692
Nordrhein-Westfalen,Essen ,"Essen , Nordrhein-Westfalen",5658,51.45180893,7.01060009,30.93159183
Nordrhein-Westfalen,Euskirchen ,"Euskirchen , Nordrhein-Westfalen",209,50.65769958,6.787320137,62.03234969
Nordrhein-Westfalen,Frechen ,"Frechen , Nordrhein-Westfalen",190,50.90439987,6.792049885,34.61969177
Nordrhein-Westfalen,Geilenkirchen ,"Geilenkirchen , Nordrhein-Westfalen",150,50.96450043,6.119709969,53.79553565
Nordrhein-Westfalen,Geldern ,"Geldern , Nordrhein-Westfalen",480,51.51399994,6.319210052,45.96468674
Nordrhein-Westfalen,Gelsenkirchen ,"Gelsenkirchen , Nordrhein-Westfalen",1857,51.51729965,7.122210026,41.30593577
Nordrhein-Westfalen,Geseke ,"Geseke , Nordrhein-Westfalen",103,51.63740158,8.501379967,128.8340996
Nordrhein-Westfalen,Gevelsberg ,"Gevelsberg , Nordrhein-Westfalen",105,51.32730103,7.330160141,40.61454429
Nordrhein-Westfalen,Gladbeck ,"Gladbeck , Nordrhein-Westfalen",314,51.57439041,6.992599964,42.6411577
Nordrhein-Westfalen,Goch ,"Goch , Nordrhein-Westfalen",366,51.67290115,6.17802,65.67721069
Nordrhein-Westfalen,Greven ,"Greven , Nordrhein-Westfalen",139,52.1053009,7.612979889,114.6261192
Nordrhein-Westfalen,Grevenbroich ,"Grevenbroich , Nordrhein-Westfalen",681,51.09009933,6.593729973,18.90720785
Nordrhein-Westfalen,Gronau (Westfalen),"Gronau (Westfalen), Nordrhein-Westfalen",158,52.21139908,7.045670033,112.277925
Nordrhein-Westfalen,Gummersbach ,"Gummersbach , Nordrhein-Westfalen",240,51.02640152,7.557400227,58.6120678
Nordrhein-Westfalen,Gütersloh ,"Gütersloh , Nordrhein-Westfalen",395,51.90390015,8.425290108,137.6098479
Nordrhein-Westfalen,Haan ,"Haan , Nordrhein-Westfalen",1407,51.20759964,7.032999992,17.97793516
Nordrhein-Westfalen,Hagen,"Hagen, Nordrhein-Westfalen",1389,51.35960007,7.460989952,50.39339292
Nordrhein-Westfalen,Haltern am See ,"Haltern am See , Nordrhein-Westfalen",204,51.7419014,7.18693018,65.10534099
Nordrhein-Westfalen,Hamm ,"Hamm , Nordrhein-Westfalen",907,51.6711998,7.774710178,85.9448106
Nordrhein-Westfalen,Hattingen ,"Hattingen , Nordrhein-Westfalen",265,51.39239883,7.177740097,34.22016689
Nordrhein-Westfalen,Heinsberg ,"Heinsberg , Nordrhein-Westfalen",266,51.06729889,6.099219799,50.15491097
Nordrhein-Westfalen,Hemer ,"Hemer , Nordrhein-Westfalen",161,51.38619995,7.778329849,72.42828027
Nordrhein-Westfalen,Herdecke ,"Herdecke , Nordrhein-Westfalen",523,51.4007988,7.435560226,50.38679246
Nordrhein-Westfalen,Herford,"Herford, Nordrhein-Westfalen",396,52.1167984,8.655059814,164.1292916
Nordrhein-Westfalen,Herne ,"Herne , Nordrhein-Westfalen",831,51.54030991,7.21987009,47.51902174
Nordrhein-Westfalen,Herten ,"Herten , Nordrhein-Westfalen",337,51.62490082,7.149600029,52.40128081
Nordrhein-Westfalen,Hilden ,"Hilden , Nordrhein-Westfalen",6367,51.16809845,6.953629971,13.49276484
Nordrhein-Westfalen,Höxter ,"Höxter , Nordrhein-Westfalen",274,51.77149963,9.378410339,190.9974375
Nordrhein-Westfalen,Hückeswagen,"Hückeswagen, Nordrhein-Westfalen",103,51.14390182,7.331860065,39.67578049
Nordrhein-Westfalen,Ibbenbüren ,"Ibbenbüren , Nordrhein-Westfalen",236,52.28219986,7.704470158,134.8146174
Nordrhein-Westfalen,Iserlohn ,"Iserlohn , Nordrhein-Westfalen",514,51.37630081,7.709980011,67.54665509
Nordrhein-Westfalen,Issum,"Issum, Nordrhein-Westfalen",109,51.54180145,6.43637991,43.29431331
Nordrhein-Westfalen,Jülich ,"Jülich , Nordrhein-Westfalen",209,50.9294014,6.364029884,42.97093629
Nordrhein-Westfalen,Kamen ,"Kamen , Nordrhein-Westfalen",124,51.59090042,7.661359787,74.40558558
Nordrhein-Westfalen,Kamp-Lintfort ,"Kamp-Lintfort , Nordrhein-Westfalen",285,51.50189972,6.562530041,35.13151052
Nordrhein-Westfalen,Kempen ,"Kempen , Nordrhein-Westfalen",361,51.3708992,6.407400131,30.97139532
Nordrhein-Westfalen,Kevelaer ,"Kevelaer , Nordrhein-Westfalen",231,51.58409882,6.239789963,55.41692884
Nordrhein-Westfalen,Kleve ,"Kleve , Nordrhein-Westfalen",558,51.7820015,6.117949963,77.80663899
Nordrhein-Westfalen,Köln ,"Köln , Nordrhein-Westfalen",5031,50.937737,6.960182,33.48213905
Nordrhein-Westfalen,Korschenbroich ,"Korschenbroich , Nordrhein-Westfalen",119,51.19240189,6.512420177,18.60427385
Nordrhein-Westfalen,Krefeld ,"Krefeld , Nordrhein-Westfalen",2617,51.33390045,6.562300205,19.88396286
Nordrhein-Westfalen,Langenfeld (Rheinland),"Langenfeld (Rheinland), Nordrhein-Westfalen",1341,51.11059952,6.947969913,16.76291705
Nordrhein-Westfalen,Lemgo ,"Lemgo , Nordrhein-Westfalen",195,52.03820038,8.901579857,173.2790823
Nordrhein-Westfalen,Lenne ,"Lenne , Nordrhein-Westfalen",175,51.13154984,8.22371006,101.6720733
Nordrhein-Westfalen,Leverkusen ,"Leverkusen , Nordrhein-Westfalen",1380,51.03319168,6.981739998,24.87548206
Nordrhein-Westfalen,Linnich ,"Linnich , Nordrhein-Westfalen",100,50.97840118,6.265950203,44.41159283
Nordrhein-Westfalen,Lipp ,"Lipp , Nordrhein-Westfalen",403,50.99567032,6.568270206,28.45657704
Nordrhein-Westfalen,Lübbecke ,"Lübbecke , Nordrhein-Westfalen",121,52.31240082,8.632479668,176.9037405
Nordrhein-Westfalen,Lüdenscheid ,"Lüdenscheid , Nordrhein-Westfalen",568,51.21080017,7.586289883,56.61867705
Nordrhein-Westfalen,Lüdinghausen ,"Lüdinghausen , Nordrhein-Westfalen",118,51.77690125,7.460309982,78.43773242
Nordrhein-Westfalen,Lünen ,"Lünen , Nordrhein-Westfalen",266,51.610421,7.528793,68.33265555
Nordrhein-Westfalen,Marl ,"Marl , Nordrhein-Westfalen",426,51.64910126,7.109570026,53.48629667
Nordrhein-Westfalen,Meerbusch ,"Meerbusch , Nordrhein-Westfalen",1212,51.25188828,6.691020012,7.177230637
Nordrhein-Westfalen,Menden (Sauerland),"Menden (Sauerland), Nordrhein-Westfalen",243,51.43830109,7.799039841,75.48083031
Nordrhein-Westfalen,Meschede,"Meschede, Nordrhein-Westfalen",249,51.35279846,8.276539803,105.789554
Nordrhein-Westfalen,Mettingen,"Mettingen, Nordrhein-Westfalen",104,52.31615067,7.780519962,140.6486033
Nordrhein-Westfalen,Mettmann ,"Mettmann , Nordrhein-Westfalen",1645,51.24489975,6.96216011,13.40149301
Nordrhein-Westfalen,Minden ,"Minden , Nordrhein-Westfalen",384,52.28649902,8.945340157,191.3504326
Nordrhein-Westfalen,Moers ,"Moers , Nordrhein-Westfalen",910,51.44979858,6.67013979,27.06147112
Nordrhein-Westfalen,Mönchengladbach ,"Mönchengladbach , Nordrhein-Westfalen",3365,51.19549942,6.442679882,23.4047223
Nordrhein-Westfalen,Mülheim an der Ruhr ,"Mülheim an der Ruhr , Nordrhein-Westfalen",1269,51.43159866,6.878769875,25.05706363
Nordrhein-Westfalen,Münster ,"Münster , Nordrhein-Westfalen",2434,51.96300888,7.617809772,101.5314489
Nordrhein-Westfalen,Nettetal ,"Nettetal , Nordrhein-Westfalen",239,51.30624008,6.277369976,36.23707889
Nordrhein-Westfalen,Neuss ,"Neuss , Nordrhein-Westfalen",5462,51.21609879,6.667709827,7.569349323
Nordrhein-Westfalen,Oberhausen ,"Oberhausen , Nordrhein-Westfalen",1934,51.4694519,6.855090141,28.75323522
Nordrhein-Westfalen,Oelde ,"Oelde , Nordrhein-Westfalen",119,51.83209991,8.146849632,117.2560391
Nordrhein-Westfalen,Olpe ,"Olpe , Nordrhein-Westfalen",200,51.02600098,7.847869873,77.94851178
Nordrhein-Westfalen,Paderborn ,"Paderborn , Nordrhein-Westfalen",888,51.71813965,8.752039909,148.2389978
Nordrhein-Westfalen,Plettenberg ,"Plettenberg , Nordrhein-Westfalen",107,51.21289825,7.88132,77.22983903
Nordrhein-Westfalen,Radevormwald,"Radevormwald, Nordrhein-Westfalen",127,51.19860077,7.348169804,40.02769397
Nordrhein-Westfalen,Ratingen ,"Ratingen , Nordrhein-Westfalen",3736,51.29610062,6.815670013,9.364837819
Nordrhein-Westfalen,Recklinghausen ,"Recklinghausen , Nordrhein-Westfalen",859,51.61949921,7.213409901,54.24094808
Nordrhein-Westfalen,Remscheid ,"Remscheid , Nordrhein-Westfalen",1001,51.18249893,7.212669849,30.74040344
Nordrhein-Westfalen,Rheda-Wiedenbrück ,"Rheda-Wiedenbrück , Nordrhein-Westfalen",232,51.83470917,8.304019928,126.4220181
Nordrhein-Westfalen,Rhede ,"Rhede , Nordrhein-Westfalen",109,51.83679962,6.703849792,69.24754251
Nordrhein-Westfalen,Rheinberg ,"Rheinberg , Nordrhein-Westfalen",179,51.54570007,6.587409973,38.97748078
Nordrhein-Westfalen,Rheine ,"Rheine , Nordrhein-Westfalen",443,52.28419876,7.476709843,128.2899477
Nordrhein-Westfalen,Salzkotten ,"Salzkotten , Nordrhein-Westfalen",128,51.67750168,8.614330292,137.7272492
Nordrhein-Westfalen,Schwelm ,"Schwelm , Nordrhein-Westfalen",405,51.29460144,7.299389839,37.57609963
Nordrhein-Westfalen,Schwerte ,"Schwerte , Nordrhein-Westfalen",193,51.43970108,7.540919781,58.8467101
Nordrhein-Westfalen,Siegburg ,"Siegburg , Nordrhein-Westfalen",257,50.80479813,7.213850021,55.04755385
Nordrhein-Westfalen,Siegen ,"Siegen , Nordrhein-Westfalen",950,50.86700058,7.986810207,93.3432644
Nordrhein-Westfalen,Soest ,"Soest , Nordrhein-Westfalen",388,51.55879974,8.119050026,100.9732666
Nordrhein-Westfalen,Solingen ,"Solingen , Nordrhein-Westfalen",2125,51.16759872,7.085100174,22.25587166
Nordrhein-Westfalen,lohn ,"lohn , Nordrhein-Westfalen",147,50.85710144,6.293499947,52.29114497
Nordrhein-Westfalen,Steinfurt ,"Steinfurt , Nordrhein-Westfalen",249,52.15008926,7.338950157,110.9564639
Nordrhein-Westfalen,Tönisvorst ,"Tönisvorst , Nordrhein-Westfalen",270,51.32062149,6.495359898,22.80349437
Nordrhein-Westfalen,Troisdorf ,"Troisdorf , Nordrhein-Westfalen",301,50.80360031,7.156620026,53.02591311
Nordrhein-Westfalen,Unna ,"Unna , Nordrhein-Westfalen",406,51.52619934,7.695569992,72.74889375
Nordrhein-Westfalen,Velbert ,"Velbert , Nordrhein-Westfalen",1193,51.33150101,7.044730186,22.74938502
Nordrhein-Westfalen,Viersen ,"Viersen , Nordrhein-Westfalen",1243,51.25529861,6.382239819,27.85497268
Nordrhein-Westfalen,Waldbröl ,"Waldbröl , Nordrhein-Westfalen",175,50.87680054,7.610429764,69.59008813
Nordrhein-Westfalen,Warburg,"Warburg, Nordrhein-Westfalen",144,51.48379898,9.132909775,166.8767605
Nordrhein-Westfalen,Warendorf ,"Warendorf , Nordrhein-Westfalen",224,51.94269943,7.981440067,116.2609823
Nordrhein-Westfalen,Warstein ,"Warstein , Nordrhein-Westfalen",141,51.43190002,8.343640327,111.8858699
Nordrhein-Westfalen,Werdohl ,"Werdohl , Nordrhein-Westfalen",115,51.25979996,7.757530212,68.72065271
Nordrhein-Westfalen,Wermelskirchen ,"Wermelskirchen , Nordrhein-Westfalen",196,51.1393013,7.228779793,32.77731491
Nordrhein-Westfalen,Werne ,"Werne , Nordrhein-Westfalen",146,51.67129898,7.629179955,78.00632661
Nordrhein-Westfalen,Wesel ,"Wesel , Nordrhein-Westfalen",951,51.65879822,6.610079765,50.60704023
Nordrhein-Westfalen,Wickede Ruhr,"Wickede Ruhr, Nordrhein-Westfalen",158,51.49980164,7.850669861,81.24849305
Nordrhein-Westfalen,Willich ,"Willich , Nordrhein-Westfalen",467,51.25899887,6.548789978,16.58716416
Nordrhein-Westfalen,Wipperfürth,"Wipperfürth, Nordrhein-Westfalen",179,51.12020111,7.400179863,44.92530901
Nordrhein-Westfalen,Witten ,"Witten , Nordrhein-Westfalen",454,51.43399811,7.344950199,46.49816849
Nordrhein-Westfalen,Wülfrath ,"Wülfrath , Nordrhein-Westfalen",180,51.28430176,7.054289818,20.87372085
Nordrhein-Westfalen,Wuppertal ,"Wuppertal , Nordrhein-Westfalen",4181,51.27154922,7.196559906,30.01549327
Nordrhein-Westfalen,Xanten ,"Xanten , Nordrhein-Westfalen",112,51.65319824,6.451089859,53.64265148
Rheinland-Pfalz,Andernach ,"Andernach , Rheinland-Pfalz",107,50.42610168,7.415299892,98.65650235
Rheinland-Pfalz,Bad Kreuznach ,"Bad Kreuznach , Rheinland-Pfalz",166,49.82559967,7.868330002,172.8465332
Rheinland-Pfalz,Bad Neuenahr-Ahrweiler ,"Bad Neuenahr-Ahrweiler , Rheinland-Pfalz",113,50.54500961,7.101709843,77.99793388
Rheinland-Pfalz,Gerolstein ,"Gerolstein , Rheinland-Pfalz",116,50.21680069,6.661049843,111.3353755
Rheinland-Pfalz,Kaiserslautern ,"Kaiserslautern , Rheinland-Pfalz",166,49.44329834,7.755539894,208.9885983
Rheinland-Pfalz,Kirchen (Sieg),"Kirchen (Sieg), Rheinland-Pfalz",144,50.8064003,7.884829998,90.13846802
Rheinland-Pfalz,Koblenz ,"Koblenz , Rheinland-Pfalz",629,50.36130142,7.587659836,110.8856445
Rheinland-Pfalz,Ludwigshafen am Rhein ,"Ludwigshafen am Rhein , Rheinland-Pfalz",212,49.48094177,8.447299957,226.5538915
Rheinland-Pfalz,Mainz ,"Mainz , Rheinland-Pfalz",524,50.00061035,8.272279739,171.6360187
Rheinland-Pfalz,Mayen ,"Mayen , Rheinland-Pfalz",129,50.33269882,7.226399899,103.1677354
Rheinland-Pfalz,Neuwied ,"Neuwied , Rheinland-Pfalz",336,50.44189835,7.474229813,99.08810547
Rheinland-Pfalz,Prüm ,"Prüm , Rheinland-Pfalz",119,50.20864,6.419275,114.7465557
Rheinland-Pfalz,Speyer ,"Speyer , Rheinland-Pfalz",136,49.31000137,8.425359726,242.2681113
Rheinland-Pfalz,Trier ,"Trier , Rheinland-Pfalz",661,49.75733948,6.636199951,162.412597
Rheinland-Pfalz,Wittlich ,"Wittlich , Rheinland-Pfalz",118,49.98379898,6.8895998,137.1739635
Rheinland-Pfalz,Worms ,"Worms , Rheinland-Pfalz",116,49.62779999,8.356789589,209.2120155
Saarland,Saarbrücken,"Saarbrücken, Saarland",472,49.23149109,6.998330116,221.1222599
Sachsen,Bautzen,"Bautzen, Sachsen",104,51.17689896,14.42910004,534.731525
Sachsen,Chemnitz,"Chemnitz, Sachsen",540,50.83620071,12.93700027,434.1667047
Sachsen,Dresden,"Dresden, Sachsen",1073,51.05363083,13.74081039,487.6428491
Sachsen,Freiberg,"Freiberg, Sachsen",114,50.91059875,13.34889984,461.8626576
Sachsen,Görlitz,"Görlitz, Sachsen",230,51.12950134,14.98349953,573.7847614
Sachsen,Hoyerswerda,"Hoyerswerda, Sachsen",105,51.43901825,14.24427986,520.9201467
Sachsen,Leipzig,"Leipzig, Sachsen",1243,51.34519958,12.3859396,391.5917323
Sachsen,Meißen,"Meißen, Sachsen",105,51.162428,13.494248,469.5561505
Sachsen,Plauen,"Plauen, Sachsen",110,50.4978981,12.16699982,387.7953638
Sachsen,Zwickau,"Zwickau, Sachsen",213,50.71789932,12.45730019,402.8081702
Sachsen-Anhalt,Bernburg,"Bernburg, Sachsen-Anhalt",111,51.79546738,11.73930645,350.5144174
Sachsen-Anhalt,Dessau,"Dessau, Sachsen-Anhalt",267,51.8360405,12.24283028,385.5236366
Sachsen-Anhalt,Halberstadt,"Halberstadt, Sachsen-Anhalt",120,51.90999985,11.02680016,304.6609965
Sachsen-Anhalt,Halle (Saale),"Halle (Saale), Sachsen-Anhalt",600,51.45669937,11.96720028,362.6815671
Sachsen-Anhalt,Hindenburg,"Hindenburg, Sachsen-Anhalt",457,52.7537117,11.93013954,393.1107774
Sachsen-Anhalt,Köthen,"Köthen, Sachsen-Anhalt",103,51.75,11.97119999,365.6651738
Sachsen-Anhalt,Magdeburg,"Magdeburg, Sachsen-Anhalt",717,52.13185883,11.62777996,350.6658121
Sachsen-Anhalt,Merseburg,"Merseburg, Sachsen-Anhalt",120,51.33229828,11.99250031,364.1758689
Sachsen-Anhalt,Stendal,"Stendal, Sachsen-Anhalt",142,52.60530853,11.85071659,381.7628776
Sachsen-Anhalt,Stolberg,"Stolberg, Sachsen-Anhalt",112,51.57344818,10.95503044,293.5261598
Sachsen-Anhalt,Wernigerode,"Wernigerode, Sachsen-Anhalt",102,51.84090042,10.80749989,288.2390159
Sachsen-Anhalt,Wittenberg,"Wittenberg, Sachsen-Anhalt",174,51.8676796,12.64865971,413.7047252
Schleswig-Holstein,Eutin ,"Eutin , Schleswig-Holstein",105,54.13729858,10.6086998,415.5385722
Schleswig-Holstein,Flensburg ,"Flensburg , Schleswig-Holstein",271,54.79779816,9.477919579,437.6657017
Schleswig-Holstein,Itzehoe ,"Itzehoe , Schleswig-Holstein",104,53.99000168,9.571260452,361.9587931
Schleswig-Holstein,Kiel,"Kiel, Schleswig-Holstein",735,54.32324982,10.1322403,413.1260786
Schleswig-Holstein,Lübeck,"Lübeck, Schleswig-Holstein",458,53.86626816,10.68087959,396.2163661
Schleswig-Holstein,Neumünster ,"Neumünster , Schleswig-Holstein",180,54.07014084,9.987830162,384.6742312
Schleswig-Holstein,Rendsburg ,"Rendsburg , Schleswig-Holstein",129,54.29779816,9.666950226,394.3730955
Schleswig-Holstein,Schleswig ,"Schleswig , Schleswig-Holstein",122,54.53390121,9.562609673,413.9229371
Thüringen,Altenburg ,"Altenburg , Thüringen",113,50.98659897,12.43980026,397.4341096
Thüringen,Erfurt ,"Erfurt , Thüringen",511,51.02830124,11.03960037,299.1891194
Thüringen,Gera ,"Gera , Thüringen",236,50.87979889,12.11330032,376.0510292
Thüringen,Gotha ,"Gotha , Thüringen",123,50.94260025,10.70180035,276.7452619
Thüringen,Jena ,"Jena , Thüringen",286,50.92039871,11.59070015,339.0131211
Thüringen,Nordhausen ,"Nordhausen , Thüringen",115,51.50310135,10.80130005,282.1540404
Afghanistan,Herat,"Herat, Afghanistan",121,34.34376144,62.18511963,4771.651347
Afghanistan,Kabul,"Kabul, Afghanistan",586,34.53155136,69.12535095,5242.666616
Ägypten,Kairo,"Kairo, Ägypten",180,30.04541969,31.2421093,3100.780471
Argentinien,Buenos Aires,"Buenos Aires, Argentinien",142,-34.61455536,-58.44587708,11426.4105
Aserbaidschan,Baku,"Baku, Aserbaidschan",218,40.41059875,49.8722496,3499.192882
Belgien,Brüssel,"Brüssel, Belgien",103,50.84270096,4.378109932,173.2481822
Bosnien und Herzegowina,Sarajevo,"Sarajevo, Bosnien und Herzegowina",246,43.85942078,18.4357605,1196.753974
Bosnien und Herzegowina,Tuzla,"Tuzla, Bosnien und Herzegowina",160,44.53680038,18.69599915,1157.536956
Bosnien und Herzegowina,Zenica,"Zenica, Bosnien und Herzegowina",106,44.19469833,17.93720055,1142.27792
Brasilien,Rio de Janeiro,"Rio de Janeiro, Brasilien",105,-22.91216087,-43.17501068,9540.317328
Brasilien,Sao Paulo,"Sao Paulo, Brasilien",111,-23.56283951,-46.6546402,9778.844099
Bulgarien,Plowdiw,"Plowdiw, Bulgarien",149,42.13619995,24.75530052,1698.229376
Bulgarien,Sofia,"Sofia, Bulgarien",362,42.67819214,23.39904404,1575.362577
Bulgarien,Stara Sagora,"Stara Sagora, Bulgarien",102,42.42272949,25.6354599,1731.285365
Bulgarien,Warna,"Warna, Bulgarien",127,43.21670151,27.91670036,1821.946546
China,Beijing,"Beijing, China",125,39.90657043,116.3876495,7826.221209
China,Guangdong,"Guangdong, China",178,23.20279884,113.3743896,9110.308755
China,Henan,"Henan, China",112,33.86470795,113.5865707,8192.308443
China,Hong Kong,"Hong Kong, China",145,22.33615685,114.1869659,9237.123214
China,Hubei,"Hubei, China",202,30.94911957,112.2711334,8367.071606
China,Hunan,"Hunan, China",125,27.58358383,111.6998444,8624.130429
China,Jiangsu,"Jiangsu, China",248,33.01850128,119.4911652,8601.248784
China,Liaoning,"Liaoning, China",171,41.17638397,122.5526962,8033.466716
China,Shandong,"Shandong, China",193,36.37627029,118.3159714,8238.758702
China,Shanghai,"Shanghai, China",379,31.22414589,121.5161362,8874.322697
China,Sichuan,"Sichuan, China",145,30.60892487,102.7037048,7805.169554
China,Zhejiang,"Zhejiang, China",207,29.19950485,120.4452667,8997.207858
Eritrea,Asmara,"Asmara, Eritrea",136,15.33298969,38.92047119,4900.092724
Frankreich,Paris,"Paris, Frankreich",503,48.85692978,2.341200113,411.7978881
Georgien,Tiflis,"Tiflis, Georgien",241,41.72565079,44.79304886,3063.636778
Ghana,Accra,"Accra, Ghana",621,5.581069946,-0.198970005,5093.665542
Ghana,Kumasi,"Kumasi, Ghana",447,6.697450161,-1.629840016,4990.038901
Griechenland,Athen,"Athen, Griechenland",440,37.99280167,23.76950073,1984.187997
Griechenland,Drama,"Drama, Griechenland",155,41.15729904,24.15089989,1737.919775
Griechenland,Ioannina,"Ioannina, Griechenland",100,39.64730072,20.84140015,1685.751964
Griechenland,Komotini,"Komotini, Griechenland",215,41.11589813,25.39380074,1814.782222
Griechenland,Serres,"Serres, Griechenland",274,41.09090042,23.56451035,1709.239586
Griechenland,Thessaloniki,"Thessaloniki, Griechenland",547,40.64839935,22.93530083,1709.936676
Griechenland,Xanthi,"Xanthi, Griechenland",103,41.14089966,24.88660049,1782.566298
Irak,Bagdad,"Bagdad, Irak",352,33.34180069,44.39350128,3623.60071
Irak,Mosul,"Mosul, Irak",113,36.32460022,43.11709976,3312.590478
Iran,Ahvaz,"Ahvaz, Iran",136,31.31671333,48.68438339,4068.017943
Iran,Isfahan,"Isfahan, Iran",121,32.65085983,51.68386078,4168.137179
Iran,Meschhed,"Meschhed, Iran",100,36.28292084,59.59812164,4453.353091
Iran,Schiras,"Schiras, Iran",168,29.59100914,52.53059006,4463.237302
Iran,Teheran,"Teheran, Iran",2613,35.68954086,51.4146843,3925.465665
Irland,Dublin,"Dublin, Irland",121,53.33309937,-6.248889923,918.244798
Italien,Mailand,"Mailand, Italien",104,45.45199966,9.192770004,664.9214892
Italien,Neapel,"Neapel, Italien",264,40.84769821,14.26259995,1287.530586
Italien,Palermo,"Palermo, Italien",220,38.11709976,13.35289955,1543.4853
Italien,Partinico,"Partinico, Italien",133,38.04809952,13.12150002,1544.815529
Italien,Rom,"Rom, Italien",173,41.90304947,12.49580002,1122.673194
Japan,Aichi,"Aichi, Japan",212,34.9705162,137.1820679,9301.531908
Japan,Chiba,"Chiba, Japan",168,35.45575333,140.2040863,9382.995847
Japan,Fukuoka,"Fukuoka, Japan",124,33.5839653,130.4128571,9120.067377
Japan,Hyogo,"Hyogo, Japan",171,34.92504883,134.8162231,9200.272175
Japan,Kanagawa,"Kanagawa, Japan",267,35.37968063,139.3903961,9356.459497
Japan,Kyoto,"Kyoto, Japan",131,35.32315063,135.4155884,9189.00499
Japan,Osaka,"Osaka, Japan",382,34.67752075,135.5129089,9255.673577
Japan,Saitama,"Saitama, Japan",158,35.86591339,139.6446075,9319.314063
Japan,Tokio,"Tokio, Japan",956,35.68320847,139.8089447,9344.146412
Mazedonien,Kumanovo,"Kumanovo, Mazedonien",420,42.13668823,21.7177906,1519.246428
Kasachstan,Almaty,"Almaty, Kasachstan",176,43.25051117,76.88812256,5176.571027
Kasachstan,Karaganda,"Karaganda, Kasachstan",341,49.78739929,73.14820099,4547.270675
Kasachstan,Pawlodar,"Pawlodar, Kasachstan",158,52.33044052,76.96981812,4650.765031
Kolumbien,Bogota,"Bogota, Kolumbien",124,4.31533432,-74.17960358,9001.261547
"Kongo, Dem.Republik (Zaire)",Kinshasa,"Kinshasa, Kongo, Dem.Republik (Zaire)",167,-4.4419311,15.2662931,6211.581117
"Korea, Republik",Seoul,"Seoul, Korea, Republik",744,37.566535,126.9779692,8580.280949
Kroatien,Split,"Split, Kroatien",103,43.5141983,16.4314003,1122.321377
Kroatien,Zagreb,"Zagreb, Kroatien",386,45.80189896,15.94709969,904.9132434
Lettland,Riga,"Riga, Lettland",327,57.02769852,24.04470062,1295.83539
Libanon,Beirut,"Beirut, Libanon",190,33.89606857,35.50677872,3009.602849
Libanon,Tripoli,"Tripoli, Libanon",177,34.44100189,35.85499954,2986.278089
Marokko,Ben Taieb,"Ben Taieb, Marokko",102,35.04399872,-3.45904994,1974.317154
Marokko,Beni Oulichek,"Beni Oulichek, Marokko",227,35.08459854,-3.443190098,1969.600777
Marokko,Beni Sidel,"Beni Sidel, Marokko",173,35.12939835,-3.123670101,1954.425445
Marokko,Beni Touzine,"Beni Touzine, Marokko",181,35.7397995,-5.846680164,1992.116336
Marokko,Casablanca,"Casablanca, Marokko",295,33.58848953,-7.677189827,2280.355471
Marokko,Fes,"Fes, Marokko",126,34.0428009,-5.015520096,2131.124347
Marokko,Kenitra,"Kenitra, Marokko",178,34.25439835,-6.605750084,2170.411793
Marokko,Midar,"Midar, Marokko",157,34.94766998,-3.529510021,1986.60608
Marokko,Nador,"Nador, Marokko",792,35.17979813,-2.926179886,1942.812443
Marokko,Oujda,"Oujda, Marokko",264,34.67359924,-1.942440033,1965.753958
Marokko,Rabat,"Rabat, Marokko",169,34.02088928,-6.841639996,2203.180142
Marokko,Tanger,"Tanger, Marokko",132,35.74900055,-5.810929775,1989.761329
Marokko,Temsamane,"Temsamane, Marokko",117,35.11444092,-3.641530037,1973.211637
Mazedonien,Skopje,"Skopje, Mazedonien",1310,41.99473953,21.42999077,1514.581237
Mazedonien,Tetovo,"Tetovo, Mazedonien",226,42.00880051,20.97660065,1488.238055
Mexiko,Mexiko-Stadt,"Mexiko-Stadt, Mexiko",169,19.27938652,-99.134758,9412.087952
Moldawien,Chisinau,"Chisinau, Moldawien",128,47.03770065,28.81229973,1666.820944
Niederlande,Amsterdam,"Amsterdam, Niederlande",148,52.33069992,4.866539955,180.943119
Nigeria,Benin City,"Benin City, Nigeria",105,6.333940029,5.624499798,4970.395138
Nigeria,Lagos,"Lagos, Nigeria",127,6.60160017,3.396859884,4949.590188
Österreich,Wien,"Wien, Österreich",433,48.20842743,16.37782097,768.1529877
Peru,Lima,"Lima, Peru",139,-12.05613995,-77.02680206,10608.84951
Polen,Allenstein,"Allenstein, Polen",615,53.7737999,20.51469994,973.7085833
Polen,Beuthen,"Beuthen, Polen",655,50.34809875,18.93280029,861.7709601
Polen,Breslau,"Breslau, Polen",1370,51.1106987,17.04299927,717.6946209
Polen,Bromberg,"Bromberg, Polen",341,53.13349915,18.02750015,797.7638509
Polen,Danzig,"Danzig, Polen",641,54.32889938,18.625,870.0305463
Polen,Elbing,"Elbing, Polen",129,54.17919922,19.39509964,913.0009685
Polen,Elk,"Elk, Polen",222,53.82939911,22.37470055,1095.4087
Polen,Gleiwitz,"Gleiwitz, Polen",416,50.29270172,18.6678009,844.476653
Polen,Groß Strehlitz,"Groß Strehlitz, Polen",220,50.51047,18.299965,814.2599648
Polen,Hindenburg,"Hindenburg, Polen",100,50.30569839,18.75510025,850.2836204
Polen,Kattowitz,"Kattowitz, Polen",678,50.25608826,19.03095055,870.6528359
Polen,Königshütte,"Königshütte, Polen",349,50.26433945,18.93671036,863.8866647
Polen,Krakau,"Krakau, Polen",127,50.07339859,20.03590012,945.1334318
Polen,Laurahütte,"Laurahütte, Polen",129,50.30279922,19.00760078,867.9790163
Polen,Lodz,"Lodz, Polen",210,51.78829956,19.46839905,882.4969942
Polen,Oppeln,"Oppeln, Polen",472,50.67839813,17.94720078,786.5841711
Polen,Peiskretscham,"Peiskretscham, Polen",104,50.38869858,18.62779999,839.6088727
Polen,Posen,"Posen, Polen",157,52.35572815,16.85575676,706.4006417
Polen,Ratibor,"Ratibor, Polen",324,50.09799957,18.2241993,818.1577987
Polen,Rybnik,"Rybnik, Polen",105,50.08982849,18.53274918,839.8671009
Polen,Stettin,"Stettin, Polen",502,53.42520142,14.55620003,584.2302131
Polen,Swidnica,"Swidnica, Polen",211,50.84090042,16.48740005,682.07207
Polen,Tranowitz,"Tranowitz, Polen",196,50.44319916,18.85720062,854.5139652
Polen,Warschau,"Warschau, Polen",259,52.22874832,21.00625038,988.1448101
Portugal,Lissabon,"Lissabon, Portugal",115,38.71699905,-9.138640404,1863.420233
Rumänien,Bacau,"Bacau, Rumänien",145,46.58250046,26.90509987,1557.11124
Rumänien,Bukarest,"Bukarest, Rumänien",709,44.43429184,26.10296059,1624.670498
Rumänien,Constanta,"Constanta, Rumänien",129,44.15399933,28.61849976,1808.638006
Rumänien,Iasi,"Iasi, Rumänien",105,47.16669846,27.55380058,1573.84657
Rumänien,Timisoara,"Timisoara, Rumänien",163,45.75553513,21.23749924,1226.101115
Russische Föderation,Königsberg,"Königsberg, Russische Föderation",470,54.7090416,20.50595093,998.9353983
Russische Föderation,Leningrad,"Leningrad, Russische Föderation",255,59.92887497,30.22154617,1753.695223
Russische Föderation,Moskau,"Moskau, Russische Föderation",1240,55.75696945,37.61502075,2089.507811
Russische Föderation,Omsk,"Omsk, Russische Föderation",241,54.99414063,73.36470795,4308.610573
Russische Föderation,St. Petersburg,"St. Petersburg, Russische Föderation",615,59.92887497,30.22154617,1753.695223
Russische Föderation,Tscheljabinsk,"Tscheljabinsk, Russische Föderation",145,55.16305923,61.38861084,3582.066781
Schweiz,Zürich,"Zürich, Schweiz",100,47.36560059,8.505949974,445.9674427
Serbien,Belgrad,"Belgrad, Serbien",1084,44.81309891,20.46326065,1241.326102
Kosovo,Pristina,"Pristina, Kosovo",160,42.66379929,21.16620064,1445.570149
Kosovo,Prizren,"Prizren, Kosovo",191,42.21760178,20.73349953,1457.56368
Serbien,Sabac,"Sabac, Serbien",125,44.75851059,19.70169067,1199.485271
Kosovo,Ferizaj,"Ferizaj, Kosovo",129,42.37007904,21.15166855,1468.388252
Spanien,Barcelona,"Barcelona, Spanien",316,41.375,2.157589912,1148.859376
Spanien,Madrid,"Madrid, Spanien",437,40.42028046,-3.705770016,1446.302089
Sri Lanka,Jaffna,"Jaffna, Sri Lanka",134,9.658760071,80.01898956,8006.619819
Syrien,Aleppo,"Aleppo, Syrien",503,36.22185135,37.13188171,2925.462266
Syrien,Damaskus,"Damaskus, Syrien",573,33.5165596,36.31708145,3090.919423
Syrien,Daraa,"Daraa, Syrien",105,32.61819839,36.10512924,3153.036809
Syrien,Hasaka,"Hasaka, Syrien",134,36.49594879,40.76530838,3142.638271
Syrien,Homs,"Homs, Syrien",100,34.73218918,36.71767044,3016.642092
Taiwan,Taipei,"Taipei, Taiwan",112,25.04743958,121.516098,9434.006502
Thailand,Bangkok,"Bangkok, Thailand",136,13.75335026,100.5048294,9082.559129
Tschechische Republik,Prag,"Prag, Tschechische Republik",173,50.12691879,14.45672035,556.0095022
Tunesien,Tunis,"Tunis, Tunesien",265,36.80001068,10.18270016,1623.064955
Türkei,Aksaray,"Aksaray, Türkei",263,38.36780167,34.03068161,2562.262705
Türkei,Ankara,"Ankara, Türkei",293,39.94290161,32.86050034,2370.608761
Türkei,Avanos,"Avanos, Türkei",170,38.70600128,34.84500122,2589.739064
Türkei,Istanbul,"Istanbul, Türkei",557,41.06072998,28.98777008,2040.98987
Türkei,Izmir,"Izmir, Türkei",149,38.42618179,27.14191055,2134.176811
Türkei,Kayseri,"Kayseri, Türkei",106,38.72098923,35.48337936,2630.279481
Türkei,Kirsehir,"Kirsehir, Türkei",182,39.31573868,34.11726379,2497.756745
Türkei,Ordu,"Ordu, Türkei",160,40.98109818,37.9048996,2635.524438
Ukraine,Charkow,"Charkow, Ukraine",351,50.00423813,36.23575974,2075.611055
Ukraine,Dnepropetrowsk,"Dnepropetrowsk, Ukraine",387,48.47531128,35.01612091,2040.903116
Ukraine,Kiew,"Kiew, Ukraine",608,50.45056915,30.5242691,1667.901864
Ukraine,Odessa,"Odessa, Ukraine",381,46.47969818,30.71549988,1824.797898
Ukraine,Simferopol,"Simferopol, Ukraine",147,44.95748138,34.10826874,2136.957436
Ungarn,Budapest,"Budapest, Ungarn",325,47.51303101,19.12298012,985.1057171
Usbekistan,Taschkent,"Taschkent, Usbekistan",236,41.32051086,69.30666351,4790.899181
Venezuela,Caracas,"Caracas, Venezuela",103,10.49536991,-66.84887695,7961.685238
Vereinigte Staaten,New York,"New York, Vereinigte Staaten",179,40.7820015,-73.83170319,6030.255628
Vereinigtes Königreich,London,"London, Vereinigtes Königreich",351,51.50642014,-0.127210006,481.7261149
Vietnam,Saigon,"Saigon, Vietnam",142,10.77822971,106.70327,9760.731703
Weißrussland,Minsk,"Minsk, Weißrussland",183,53.8832016,27.50429916,1431.524344
